{"version":"1.4.0","project":{"name":"swissborg-arbitrage_d5c0a6989e","directory":"\\\\wsl.localhost\\Ubuntu-22.04\\home\\ryad\\swissborg\\swissborg-arbitrage\\.scala-build","workspaceDir":"\\\\wsl.localhost\\Ubuntu-22.04\\home\\ryad\\swissborg\\swissborg-arbitrage","sources":["\\\\wsl.localhost\\Ubuntu-22.04\\home\\ryad\\swissborg\\swissborg-arbitrage\\.scala-build\\swissborg-arbitrage_d5c0a6989e\\src_generated\\main\\main.scala"],"dependencies":[],"classpath":["C:\\Users\\tototo\\AppData\\Local\\Coursier\\cache\\v1\\https\\repo1.maven.org\\maven2\\org\\scala-lang\\scala3-library_3\\3.7.3\\scala3-library_3-3.7.3.jar","C:\\Users\\tototo\\AppData\\Local\\Coursier\\cache\\v1\\https\\repo1.maven.org\\maven2\\org\\scala-lang\\scala-library\\2.13.16\\scala-library-2.13.16.jar","C:\\Users\\tototo\\AppData\\Local\\Coursier\\cache\\v1\\https\\repo1.maven.org\\maven2\\com\\sourcegraph\\semanticdb-javac\\0.10.0\\semanticdb-javac-0.10.0.jar"],"out":"\\\\wsl.localhost\\Ubuntu-22.04\\home\\ryad\\swissborg\\swissborg-arbitrage\\.scala-build\\.bloop\\swissborg-arbitrage_d5c0a6989e","classesDir":"\\\\wsl.localhost\\Ubuntu-22.04\\home\\ryad\\swissborg\\swissborg-arbitrage\\.scala-build\\swissborg-arbitrage_d5c0a6989e\\classes\\main","scala":{"organization":"org.scala-lang","name":"scala-compiler","version":"3.7.3","options":["-Xsemanticdb","-sourceroot","\\\\wsl.localhost\\Ubuntu-22.04\\home\\ryad\\swissborg\\swissborg-arbitrage"],"jars":["C:\\Users\\tototo\\AppData\\Local\\Coursier\\cache\\v1\\https\\repo1.maven.org\\maven2\\org\\scala-lang\\scala3-compiler_3\\3.7.3\\scala3-compiler_3-3.7.3.jar","C:\\Users\\tototo\\AppData\\Local\\Coursier\\cache\\v1\\https\\repo1.maven.org\\maven2\\org\\scala-lang\\scala3-interfaces\\3.7.3\\scala3-interfaces-3.7.3.jar","C:\\Users\\tototo\\AppData\\Local\\Coursier\\cache\\v1\\https\\repo1.maven.org\\maven2\\org\\scala-lang\\scala3-library_3\\3.7.3\\scala3-library_3-3.7.3.jar","C:\\Users\\tototo\\AppData\\Local\\Coursier\\cache\\v1\\https\\repo1.maven.org\\maven2\\org\\scala-lang\\tasty-core_3\\3.7.3\\tasty-core_3-3.7.3.jar","C:\\Users\\tototo\\AppData\\Local\\Coursier\\cache\\v1\\https\\repo1.maven.org\\maven2\\org\\scala-lang\\modules\\scala-asm\\9.8.0-scala-1\\scala-asm-9.8.0-scala-1.jar","C:\\Users\\tototo\\AppData\\Local\\Coursier\\cache\\v1\\https\\repo1.maven.org\\maven2\\org\\scala-sbt\\compiler-interface\\1.10.7\\compiler-interface-1.10.7.jar","C:\\Users\\tototo\\AppData\\Local\\Coursier\\cache\\v1\\https\\repo1.maven.org\\maven2\\org\\jline\\jline-reader\\3.29.0\\jline-reader-3.29.0.jar","C:\\Users\\tototo\\AppData\\Local\\Coursier\\cache\\v1\\https\\repo1.maven.org\\maven2\\org\\jline\\jline-terminal\\3.29.0\\jline-terminal-3.29.0.jar","C:\\Users\\tototo\\AppData\\Local\\Coursier\\cache\\v1\\https\\repo1.maven.org\\maven2\\org\\jline\\jline-terminal-jni\\3.29.0\\jline-terminal-jni-3.29.0.jar","C:\\Users\\tototo\\AppData\\Local\\Coursier\\cache\\v1\\https\\repo1.maven.org\\maven2\\org\\scala-lang\\scala-library\\2.13.16\\scala-library-2.13.16.jar","C:\\Users\\tototo\\AppData\\Local\\Coursier\\cache\\v1\\https\\repo1.maven.org\\maven2\\org\\scala-sbt\\util-interface\\1.10.7\\util-interface-1.10.7.jar","C:\\Users\\tototo\\AppData\\Local\\Coursier\\cache\\v1\\https\\repo1.maven.org\\maven2\\org\\jline\\jline-native\\3.29.0\\jline-native-3.29.0.jar"],"bridgeJars":["C:\\Users\\tototo\\AppData\\Local\\Coursier\\cache\\v1\\https\\repo.scala-lang.org\\artifactory\\maven-nightlies\\org\\scala-lang\\scala3-sbt-bridge\\3.7.3\\scala3-sbt-bridge-3.7.3.jar"]},"java":{"options":["-Xplugin:semanticdb -sourceroot:\\\\wsl.localhost\\Ubuntu-22.04\\home\\ryad\\swissborg\\swissborg-arbitrage -targetroot:javac-classes-directory","-J--add-exports","-Jjdk.compiler/com.sun.tools.javac.api=ALL-UNNAMED","-J--add-exports","-Jjdk.compiler/com.sun.tools.javac.code=ALL-UNNAMED","-J--add-exports","-Jjdk.compiler/com.sun.tools.javac.model=ALL-UNNAMED","-J--add-exports","-Jjdk.compiler/com.sun.tools.javac.tree=ALL-UNNAMED","-J--add-exports","-Jjdk.compiler/com.sun.tools.javac.util=ALL-UNNAMED"]},"platform":{"name":"jvm","config":{"home":"C:\\Users\\tototo\\AppData\\Local\\Coursier\\cache\\arc\\https\\github.com\\adoptium\\temurin17-binaries\\releases\\download\\jdk-17.0.17%252B10\\OpenJDK17U-jdk_x64_windows_hotspot_17.0.17_10.zip\\jdk-17.0.17+10","options":[]},"mainClass":[]},"resolution":{"modules":[{"organization":"org.scala-lang","name":"scala3-library_3","version":"3.7.3","artifacts":[{"name":"scala3-library_3","path":"C:\\Users\\tototo\\AppData\\Local\\Coursier\\cache\\v1\\https\\repo1.maven.org\\maven2\\org\\scala-lang\\scala3-library_3\\3.7.3\\scala3-library_3-3.7.3.jar"},{"name":"scala3-library_3","classifier":"sources","path":"C:\\Users\\tototo\\AppData\\Local\\Coursier\\cache\\v1\\https\\repo1.maven.org\\maven2\\org\\scala-lang\\scala3-library_3\\3.7.3\\scala3-library_3-3.7.3-sources.jar"}]},{"organization":"org.scala-lang","name":"scala-library","version":"2.13.16","artifacts":[{"name":"scala-library","path":"C:\\Users\\tototo\\AppData\\Local\\Coursier\\cache\\v1\\https\\repo1.maven.org\\maven2\\org\\scala-lang\\scala-library\\2.13.16\\scala-library-2.13.16.jar"},{"name":"scala-library","classifier":"sources","path":"C:\\Users\\tototo\\AppData\\Local\\Coursier\\cache\\v1\\https\\repo1.maven.org\\maven2\\org\\scala-lang\\scala-library\\2.13.16\\scala-library-2.13.16-sources.jar"}]}]},"tags":["library"]}}